{
    "web_ip": "192.168.2.110",
    "ar_ip": "192.168.2.109",
    "adjustments": {
        "yaw": 2.0,
        "vertical": 2.0,
        "horizontal": 2.0,
        "forward_and_back": 2.0
    },
    "ar_port": 38528,
    "my_port": 48528,
    "custom_config_path": "../hakoniwa-unity-drone-model/DTwinAppleSilicon/custom.json",
    "position": [
        0.21421380193697495,
        0.16629483604425613,
        -0.7010869890607937
    ],
    "rotation": [
        0,
        -213.50198422428548,
        0
    ]
}