{
    "web_ip": "192.168.2.100",
    "ar_ip": "192.168.2.109",
    "adjustments": {
        "yaw": 2.0,
        "vertical": 2.0,
        "horizontal": 2.0,
        "forward_and_back": 2.0
    },
    "ar_port": 38528,
    "my_port": 48528,
    "custom_config_path": "../hakoniwa-unity-drone-model/DTwinAppleSilicon/custom.json",
    "position": [
        -1.145731920290482,
        1.2724712878598485,
        0.7069599234094577
    ],
    "rotation": [
        0,
        -88.85963344560055,
        0
    ]
}